date,valeur
1987-01-01,348.00000000
1987-02-01,348.50000000
1987-03-01,349.47500000
1987-04-01,350.85000000
1987-05-01,351.74000000
1987-06-01,351.15000000
1987-07-01,349.45000000
1987-08-01,348.08000000
1987-09-01,346.40000000
1987-10-01,346.44000000
1987-11-01,347.92500000
1987-12-01,348.92500000
1988-01-01,350.40000000
1988-02-01,351.77500000
1988-03-01,352.12500000
1988-04-01,353.58000000
1988-05-01,354.17500000
1988-06-01,353.75000000
1988-07-01,352.22000000
1988-08-01,350.30000000
1988-09-01,348.75000000
1988-10-01,348.96000000
1988-11-01,350.00000000
1988-12-01,351.36000000
1989-01-01,352.77500000
1989-02-01,353.00000000
1989-03-01,353.60000000
1989-04-01,355.36000000
1989-05-01,355.60000000
1989-06-01,355.12500000
1989-07-01,353.86000000
1989-08-01,351.57500000
1989-09-01,349.86000000
1989-10-01,350.05000000
1989-11-01,351.20000000
1989-12-01,352.48000000
1990-01-01,353.65000000
1990-02-01,354.65000000
1990-03-01,355.48000000
1990-04-01,356.17500000
1990-05-01,357.07500000
1990-06-01,356.08000000
1990-07-01,354.67500000
1990-08-01,352.90000000
1990-09-01,350.94000000
1990-10-01,351.22500000
1990-11-01,352.70000000
1990-12-01,354.14000000
1991-01-01,354.67500000
1991-02-01,355.65000000
1991-03-01,357.20000000
1991-04-01,358.60000000
1991-05-01,359.25000000
1991-06-01,358.18000000
1991-07-01,356.05000000
1991-08-01,353.86000000
1991-09-01,352.12500000
1991-10-01,352.25000000
1991-11-01,353.74000000
1991-12-01,355.02500000
1992-01-01,355.90000000
1992-02-01,356.68000000
1992-03-01,357.90000000
1992-04-01,359.07500000
1992-05-01,359.54000000
1992-06-01,359.12500000
1992-07-01,357.00000000
1992-08-01,354.86000000
1992-09-01,353.02500000
1992-10-01,353.42000000
1992-11-01,354.20000000
1992-12-01,355.35000000
1993-01-01,356.68000000
1993-02-01,357.17500000
1993-03-01,358.42500000
1993-04-01,359.32500000
1993-05-01,360.18000000
1993-06-01,359.50000000
1993-07-01,357.42000000
1993-08-01,355.32500000
1993-09-01,353.77500000
1993-10-01,354.06000000
1993-11-01,355.35000000
1993-12-01,356.77500000
1994-01-01,358.32000000
1994-02-01,358.90000000
1994-03-01,359.92500000
1994-04-01,361.22000000
1994-05-01,361.65000000
1994-06-01,360.90000000
1994-07-01,359.46000000
1994-08-01,357.37500000
1994-09-01,355.92500000
1994-10-01,356.02000000
1994-11-01,357.57500000
1994-12-01,359.06000000
1995-01-01,359.97500000
1995-02-01,360.92500000
1995-03-01,361.57500000
1995-04-01,363.36000000
1995-05-01,363.70000000
1995-06-01,363.25000000
1995-07-01,361.80000000
1995-08-01,359.37500000
1995-09-01,358.00000000
1995-10-01,357.85000000
1995-11-01,359.47500000
1995-12-01,360.70000000
1996-01-01,362.02500000
1996-02-01,363.17500000
1996-03-01,364.06000000
1996-04-01,364.70000000
1996-05-01,365.32500000
1996-06-01,364.88000000
1996-07-01,363.47500000
1996-08-01,361.32000000
1996-09-01,359.40000000
1996-10-01,359.62500000
1996-11-01,360.74000000
1996-12-01,362.37500000
1997-01-01,363.12500000
1997-02-01,363.87500000
1997-03-01,364.56000000
1997-04-01,366.32500000
1997-05-01,366.68000000
1997-06-01,365.47500000
1997-07-01,364.37500000
1997-08-01,362.46000000
1997-09-01,360.15000000
1997-10-01,360.75000000
1997-11-01,362.38000000
1997-12-01,364.25000000
1998-01-01,365.34000000
1998-02-01,366.20000000
1998-03-01,367.37500000
1998-04-01,368.52500000
1998-05-01,369.14000000
1998-06-01,368.75000000
1998-07-01,367.60000000
1998-08-01,365.72000000
1998-09-01,363.92500000
1998-10-01,364.32000000
1998-11-01,365.55000000
1998-12-01,366.92500000
